{
    "metrics": [
        "ndcg@3",
        "ndcg@5",
        "mrr@3",
        "mrr@5",
        "map@3",
        "map@5"
    ],
    "model_names": [
        "base",
        "cohere",
        "flashrank"
    ],
    "base": {
        "scores": {
            "ndcg@3": 0.6608534435647999,
            "ndcg@5": 0.6896961221495598,
            "mrr@3": 0.7066666666666666,
            "mrr@5": 0.7146666666666666,
            "map@3": 0.6016666666666667,
            "map@5": 0.6411666666666666
        }
    },
    "cohere": {
        "scores": {
            "ndcg@3": 0.6624640193722648,
            "ndcg@5": 0.7296144608950884,
            "mrr@3": 0.7133333333333333,
            "mrr@5": 0.7313333333333333,
            "map@3": 0.5922222222222222,
            "map@5": 0.6515555555555557
        }
    },
    "flashrank": {
        "scores": {
            "ndcg@3": 0.0,
            "ndcg@5": 0.03178070703839771,
            "mrr@3": 0.0,
            "mrr@5": 0.03,
            "map@3": 0.0,
            "map@5": 0.015
        }
    }
}