{
    "metrics": [
        "ndcg@3",
        "ndcg@5",
        "mrr@3",
        "mrr@5",
        "map@3",
        "map@5"
    ],
    "model_names": [
        "base",
        "cohere",
        "flashrank"
    ],
    "base": {
        "scores": {
            "ndcg@3": 0.6234334463035741,
            "ndcg@5": 0.624192316784281,
            "mrr@3": 0.7266666666666667,
            "mrr@5": 0.7266666666666667,
            "map@3": 0.5439682539682539,
            "map@5": 0.570968253968254
        }
    },
    "cohere": {
        "scores": {
            "ndcg@3": 0.6015652373970315,
            "ndcg@5": 0.6456936096554183,
            "mrr@3": 0.66,
            "mrr@5": 0.688,
            "map@3": 0.5173333333333333,
            "map@5": 0.5789285714285713
        }
    },
    "flashrank": {
        "scores": {
            "ndcg@3": 0.010500099787698202,
            "ndcg@5": 0.017283223803412132,
            "mrr@3": 0.013333333333333332,
            "mrr@5": 0.02333333333333333,
            "map@3": 0.0044444444444444444,
            "map@5": 0.006444444444444444
        }
    }
}