{
    "metrics": [
        "ndcg@3",
        "ndcg@5",
        "mrr@3",
        "mrr@5",
        "map@3",
        "map@5"
    ],
    "model_names": [
        "base",
        "cohere",
        "flashrank"
    ],
    "base": {
        "scores": {
            "ndcg@3": 0.6587402674451527,
            "ndcg@5": 0.6899508806536261,
            "mrr@3": 0.7599999999999999,
            "mrr@5": 0.7599999999999999,
            "map@3": 0.5869047619047619,
            "map@5": 0.6270238095238094
        }
    },
    "cohere": {
        "scores": {
            "ndcg@3": 0.6268024275398899,
            "ndcg@5": 0.6364766751524052,
            "mrr@3": 0.6799999999999999,
            "mrr@5": 0.688,
            "map@3": 0.5373333333333333,
            "map@5": 0.5789285714285713
        }
    },
    "flashrank": {
        "scores": {
            "ndcg@3": 0.07924653348410698,
            "ndcg@5": 0.10668215133236716,
            "mrr@3": 0.12000000000000001,
            "mrr@5": 0.138,
            "map@3": 0.0451111111111111,
            "map@5": 0.06094444444444444
        }
    }
}