{
    "stat_test": "student",
    "metrics": [
        "ndcg@3",
        "ndcg@5",
        "mrr@3",
        "mrr@5",
        "map@3",
        "map@5"
    ],
    "model_names": [
        "base",
        "cohere",
        "flashrank"
    ],
    "base": {
        "scores": {
            "ndcg@3": 0.6353369420969096,
            "ndcg@5": 0.5857818637234287,
            "mrr@3": 0.7333333333333334,
            "mrr@5": 0.7333333333333334,
            "map@3": 0.45888888888888896,
            "map@5": 0.4838888888888889
        },
        "comparisons": {
            "cohere": {
                "ndcg@3": 0.23748671574729113,
                "ndcg@5": 0.08329403771577004,
                "mrr@3": 0.1778078083562211,
                "mrr@5": 0.1778078083562211,
                "map@3": 0.5201543354099919,
                "map@5": 0.07345975016491639
            },
            "flashrank": {
                "ndcg@3": 0.08870078923356613,
                "ndcg@5": 0.06597615844430299,
                "mrr@3": 0.3250778458929102,
                "mrr@5": 0.3250778458929102,
                "map@3": 0.08222818693842937,
                "map@5": 0.05720001129444389
            }
        },
        "win_tie_loss": {
            "cohere": {
                "ndcg@3": {
                    "W": 2,
                    "T": 0,
                    "L": 3
                },
                "ndcg@5": {
                    "W": 1,
                    "T": 0,
                    "L": 4
                },
                "mrr@3": {
                    "W": 0,
                    "T": 3,
                    "L": 2
                },
                "mrr@5": {
                    "W": 0,
                    "T": 3,
                    "L": 2
                },
                "map@3": {
                    "W": 1,
                    "T": 1,
                    "L": 3
                },
                "map@5": {
                    "W": 1,
                    "T": 0,
                    "L": 4
                }
            },
            "flashrank": {
                "ndcg@3": {
                    "W": 4,
                    "T": 0,
                    "L": 1
                },
                "ndcg@5": {
                    "W": 5,
                    "T": 0,
                    "L": 0
                },
                "mrr@3": {
                    "W": 2,
                    "T": 2,
                    "L": 1
                },
                "mrr@5": {
                    "W": 2,
                    "T": 2,
                    "L": 1
                },
                "map@3": {
                    "W": 4,
                    "T": 0,
                    "L": 1
                },
                "map@5": {
                    "W": 5,
                    "T": 0,
                    "L": 0
                }
            }
        }
    },
    "cohere": {
        "scores": {
            "ndcg@3": 0.7822154113656603,
            "ndcg@5": 0.7981225697866628,
            "mrr@3": 0.8,
            "mrr@5": 0.8,
            "map@3": 0.5394444444444444,
            "map@5": 0.6994444444444445
        },
        "comparisons": {
            "base": {
                "ndcg@3": 0.23748671574729113,
                "ndcg@5": 0.08329403771577004,
                "mrr@3": 0.1778078083562211,
                "mrr@5": 0.1778078083562211,
                "map@3": 0.5201543354099919,
                "map@5": 0.07345975016491639
            },
            "flashrank": {
                "ndcg@3": 0.005961652856882686,
                "ndcg@5": 0.006648772166428051,
                "mrr@3": 0.20799999999999985,
                "mrr@5": 0.20799999999999985,
                "map@3": 0.005736048729357601,
                "map@5": 0.0037978471784617268
            }
        },
        "win_tie_loss": {
            "base": {
                "ndcg@3": {
                    "W": 3,
                    "T": 0,
                    "L": 2
                },
                "ndcg@5": {
                    "W": 4,
                    "T": 0,
                    "L": 1
                },
                "mrr@3": {
                    "W": 2,
                    "T": 3,
                    "L": 0
                },
                "mrr@5": {
                    "W": 2,
                    "T": 3,
                    "L": 0
                },
                "map@3": {
                    "W": 3,
                    "T": 1,
                    "L": 1
                },
                "map@5": {
                    "W": 4,
                    "T": 0,
                    "L": 1
                }
            },
            "flashrank": {
                "ndcg@3": {
                    "W": 5,
                    "T": 0,
                    "L": 0
                },
                "ndcg@5": {
                    "W": 5,
                    "T": 0,
                    "L": 0
                },
                "mrr@3": {
                    "W": 2,
                    "T": 3,
                    "L": 0
                },
                "mrr@5": {
                    "W": 2,
                    "T": 3,
                    "L": 0
                },
                "map@3": {
                    "W": 5,
                    "T": 0,
                    "L": 0
                },
                "map@5": {
                    "W": 5,
                    "T": 0,
                    "L": 0
                }
            }
        }
    },
    "flashrank": {
        "scores": {
            "ndcg@3": 0.20030420983893832,
            "ndcg@5": 0.250585038602193,
            "mrr@3": 0.5,
            "mrr@5": 0.5,
            "map@3": 0.14166666666666666,
            "map@5": 0.18833333333333332
        },
        "comparisons": {
            "base": {
                "ndcg@3": 0.08870078923356613,
                "ndcg@5": 0.06597615844430299,
                "mrr@3": 0.3250778458929102,
                "mrr@5": 0.3250778458929102,
                "map@3": 0.08222818693842937,
                "map@5": 0.05720001129444389
            },
            "cohere": {
                "ndcg@3": 0.005961652856882686,
                "ndcg@5": 0.006648772166428051,
                "mrr@3": 0.20799999999999985,
                "mrr@5": 0.20799999999999985,
                "map@3": 0.005736048729357601,
                "map@5": 0.0037978471784617268
            }
        },
        "win_tie_loss": {
            "base": {
                "ndcg@3": {
                    "W": 1,
                    "T": 0,
                    "L": 4
                },
                "ndcg@5": {
                    "W": 0,
                    "T": 0,
                    "L": 5
                },
                "mrr@3": {
                    "W": 1,
                    "T": 2,
                    "L": 2
                },
                "mrr@5": {
                    "W": 1,
                    "T": 2,
                    "L": 2
                },
                "map@3": {
                    "W": 1,
                    "T": 0,
                    "L": 4
                },
                "map@5": {
                    "W": 0,
                    "T": 0,
                    "L": 5
                }
            },
            "cohere": {
                "ndcg@3": {
                    "W": 0,
                    "T": 0,
                    "L": 5
                },
                "ndcg@5": {
                    "W": 0,
                    "T": 0,
                    "L": 5
                },
                "mrr@3": {
                    "W": 0,
                    "T": 3,
                    "L": 2
                },
                "mrr@5": {
                    "W": 0,
                    "T": 3,
                    "L": 2
                },
                "map@3": {
                    "W": 0,
                    "T": 0,
                    "L": 5
                },
                "map@5": {
                    "W": 0,