{
    "metrics": [
        "ndcg@3",
        "ndcg@5",
        "mrr@3",
        "mrr@5",
        "map@3",
        "map@5"
    ],
    "model_names": [
        "base",
        "cohere",
        "flashrank"
    ],
    "base": {
        "scores": {
            "ndcg@3": 0.6493112555514936,
            "ndcg@5": 0.6816285385067219,
            "mrr@3": 0.9,
            "mrr@5": 0.9,
            "map@3": 0.4883333333333333,
            "map@5": 0.5633333333333334
        }
    },
    "cohere": {
        "scores": {
            "ndcg@3": 0.7341599689229868,
            "ndcg@5": 0.7668869303822314,
            "mrr@3": 0.8,
            "mrr@5": 0.8,
            "map@3": 0.5061111111111111,
            "map@5": 0.6611111111111112
        }
    },
    "flashrank": {
        "scores": {
            "ndcg@3": 0.13763536720997532,
            "ndcg@5": 0.11769669235993466,
            "mrr@3": 0.4,
            "mrr@5": 0.4,
            "map@3": 0.10666666666666666,
            "map@5": 0.10666666666666666
        }
    }
}