{
    "metrics": [
        "ndcg@3",
        "ndcg@5",
        "mrr@3",
        "mrr@5",
        "map@3",
        "map@5"
    ],
    "model_names": [
        "base",
        "cohere",
        "flashrank"
    ],
    "base": {
        "scores": {
            "ndcg@3": 0.6757702763585605,
            "ndcg@5": 0.5746659318921339,
            "mrr@3": 0.9,
            "mrr@5": 0.9,
            "map@3": 0.47000000000000003,
            "map@5": 0.47000000000000003
        }
    },
    "cohere": {
        "scores": {
            "ndcg@3": 0.743253976015364,
            "ndcg@5": 0.7132130697876973,
            "mrr@3": 0.9,
            "mrr@5": 0.9,
            "map@3": 0.46333333333333326,
            "map@5": 0.6153333333333333
        }
    },
    "flashrank": {
        "scores": {
            "ndcg@3": 0.13236775802296724,
            "ndcg@5": 0.19441330094222156,
            "mrr@3": 0.2333333333333333,
            "mrr@5": 0.32333333333333336,
            "map@3": 0.06055555555555555,
            "map@5": 0.09455555555555556
        }
    }
}