{
    "metrics": [
        "ndcg@3",
        "ndcg@5",
        "mrr@3",
        "mrr@5",
        "map@3",
        "map@5"
    ],
    "model_names": [
        "base",
        "cohere",
        "flashrank"
    ],
    "base": {
        "scores": {
            "ndcg@3": 0.7637327459165971,
            "ndcg@5": 0.7908213881267305,
            "mrr@3": 0.82,
            "mrr@5": 0.828,
            "map@3": 0.6833333333333335,
            "map@5": 0.7296333333333334
        }
    },
    "cohere": {
        "scores": {
            "ndcg@3": 0.6424640193722648,
            "ndcg@5": 0.7242340197450102,
            "mrr@3": 0.7,
            "mrr@5": 0.728,
            "map@3": 0.5768888888888889,
            "map@5": 0.6452222222222223
        }
    },
    "flashrank": {
        "scores": {
            "ndcg@3": 0.090971173747689,
            "ndcg@5": 0.10018569849481823,
            "mrr@3": 0.08666666666666666,
            "mrr@5": 0.09466666666666665,
            "map@3": 0.06066666666666667,
            "map@5": 0.06653333333333332
        }
    }
}