{
    "stat_test": "student",
    "metrics": [
        "ndcg@3",
        "ndcg@5",
        "mrr@3",
        "mrr@5",
        "map@3",
        "map@5"
    ],
    "model_names": [
        "base",
        "cohere",
        "flashrank"
    ],
    "base": {
        "scores": {
            "ndcg@3": 0.673666664594732,
            "ndcg@5": 0.6074564391240782,
            "mrr@3": 0.9,
            "mrr@5": 0.9,
            "map@3": 0.44666666666666666,
            "map@5": 0.5066666666666667
        },
        "comparisons": {
            "cohere": {
                "ndcg@3": 0.286397572186804,
                "ndcg@5": 0.11557231116574315,
                "mrr@3": NaN,
                "mrr@5": NaN,
                "map@3": 0.8400019160851218,
                "map@5": 0.21103369629744986
            },
            "flashrank": {
                "ndcg@3": 0.21848889618011808,
                "ndcg@5": 0.19242123615665416,
                "mrr@3": 0.373900966300059,
                "mrr@5": 0.40347892895502196,
                "map@3": 0.12638805341671006,
                "map@5": 0.12363144867086205
            }
        },
        "win_tie_loss": {
            "cohere": {
                "ndcg@3": {
                    "W": 1,
                    "T": 0,
                    "L": 4
                },
                "ndcg@5": {
                    "W": 1,
                    "T": 0,
                    "L": 4
                },
                "mrr@3": {
                    "W": 0,
                    "T": 5,
                    "L": 0
                },
                "mrr@5": {
                    "W": 0,
                    "T": 5,
                    "L": 0
                },
                "map@3": {
                    "W": 1,
                    "T": 1,
                    "L": 3
                },
                "map@5": {
                    "W": 1,
                    "T": 1,
                    "L": 3
                }
            },
            "flashrank": {
                "ndcg@3": {
                    "W": 3,
                    "T": 0,
                    "L": 2
                },
                "ndcg@5": {
                    "W": 3,
                    "T": 0,
                    "L": 2
                },
                "mrr@3": {
                    "W": 2,
                    "T": 2,
                    "L": 1
                },
                "mrr@5": {
                    "W": 2,
                    "T": 2,
                    "L": 1
                },
                "map@3": {
                    "W": 3,
                    "T": 1,
                    "L": 1
                },
                "map@5": {
                    "W": 3,
                    "T": 1,
                    "L": 1
                }
            }
        }
    },
    "cohere": {
        "scores": {
            "ndcg@3": 0.7584189334611398,
            "ndcg@5": 0.6898388554830501,
            "mrr@3": 0.9,
            "mrr@5": 0.9,
            "map@3": 0.4666666666666667,
            "map@5": 0.5833333333333334
        },
        "comparisons": {
            "base": {
                "ndcg@3": 0.286397572186804,
                "ndcg@5": 0.11557231116574315,
                "mrr@3": NaN,
                "mrr@5": NaN,
                "map@3": 0.8400019160851218,
                "map@5": 0.21103369629744986
            },
            "flashrank": {
                "ndcg@3": 0.10343624697739066,
                "ndcg@5": 0.07708655243681004,
                "mrr@3": 0.373900966300059,
                "mrr@5": 0.40347892895502196,
                "map@3": 0.07359695396081281,
                "map@5": 0.05127215788163166
            }
        },
        "win_tie_loss": {
            "base": {
                "ndcg@3": {
                    "W": 4,
                    "T": 0,
                    "L": 1
                },
                "ndcg@5": {
                    "W": 4,
                    "T": 0,
                    "L": 1
                },
                "mrr@3": {
                    "W": 0,
                    "T": 5,
                    "L": 0
                },
                "mrr@5": {
                    "W": 0,
                    "T": 5,
                    "L": 0
                },
                "map@3": {
                    "W": 3,
                    "T": 1,
                    "L": 1
                },
                "map@5": {
                    "W": 3,
                    "T": 1,
                    "L": 1
                }
            },
            "flashrank": {
                "ndcg@3": {
                    "W": 5,
                    "T": 0,
                    "L": 0
                },
                "ndcg@5": {
                    "W": 5,
                    "T": 0,
                    "L": 0
                },
                "mrr@3": {
                    "W": 2,
                    "T": 2,
                    "L": 1
                },
                "mrr@5": {
                    "W": 2,
                    "T": 2,
                    "L": 1
                },
                "map@3": {
                    "W": 5,
                    "T": 0,
                    "L": 0
                },
                "map@5": {
                    "W": 5,
                    "T": 0,
                    "L": 0
                }
            }
        }
    },
    "flashrank": {
        "scores": {
            "ndcg@3": 0.3251347610853921,
            "ndcg@5": 0.30930014112471615,
            "mrr@3": 0.6,
            "mrr@5": 0.64,
            "map@3": 0.1911111111111111,
            "map@5": 0.1991111111111111
        },
        "comparisons": {
            "base": {
                "ndcg@3": 0.21848889618011808,
                "ndcg@5": 0.19242123615665416,
                "mrr@3": 0.373900966300059,
                "mrr@5": 0.40347892895502196,
                "map@3": 0.12638805341671006,
                "map@5": 0.12363144867086205
            },
            "cohere": {
                "ndcg@3": 0.10343624697739066,
                "ndcg@5": 0.07708655243681004,
                "mrr@3": 0.373900966300059,
                "mrr@5": 0.40347892895502196,
                "map@3": 0.07359695396081281,
                "map@5": 0.05127215788163166
            }
        },
        "win_tie_loss": {
            "base": {
                "ndcg@3": {
                    "W": 2,
                    "T": 0,
                    "L": 3
                },
                "ndcg@5": {
                    "W": 2,
                    "T": 0,
                    "L": 3
                },
                "mrr@3": {
                    "W": 1,
                    "T": 2,
                    "L": 2
                },
                "mrr@5": {
                    "W": 1,
                    "T": 2,
                    "L": 2
                },
                "map@3": {
                    "W": 1,
                    "T": 1,
                    "L": 3
                },
                "map@5": {
                    "W": 1,
                    "T": 1,
                    "L": 3
                }
            },
            "cohere": {
                "ndcg@3": {
                    "W": 0,
                    "T": 0,
                    "L": 5
                },
                "ndcg@5": {
                    "W": 0,
                    "T": 0,
                    "L": 5
                },
                "mrr@3": {
                    "W": 1,
                    "T": 2,
                    "L": 2
                },
                "mrr@5": {
                    "W": 1,
                    "T": 2,
                    "L": 2
                },
                "map@3": {
                    "W": 0,
                    "T": 0,
                    "L": 5
                },
                "map@5": {
                    "W": 0,
                    "T": 0,
                    "L": 5
                }
            }
        }
    }
}